CUST_ID,CUST_NAME,CUST_GENDER,CUST_ADDRESS,CUST_CITY,CUST_STATE,CUST_DOB,CUST_EMAIL,CUST_CONTACTNO,CUST_PAN_ID,CUST_MARITALSTATUS,CUST_SALARY,CUST_NOMINEE,EMP_ALIAS,CUST_AADHAAR_NO,CUST_KYC
98000109,Sami Khan,Male,"19/6 Sahapur Colony Block-J, New Alipore kolkata-700053",Kolkata,West Bengal,1990-10-16,Sami.Khan76@gmail.com,7351709812,HTQLB4057R,Single,7796,rakesh,sadban,,No
98000087,Pearl International,Male,"165 P, Sector 17,Market, Faridabad (Haryana)",Faridabad,Haryana,1996-10-11,Pearl.International1457@gmail.com,7024185673,YMUGV2548E,Married,71949,aakash,sadban,,No
98000066,Priyanka Rawat,Female,"140/6 Brahman Wara, Ballabgarh, Faridabad, Haryana 121004",Faridabad,Haryana,1993-01-06,Priyanka.Rawat349@gmail.com,7785975761,SHQGT2041X,Single,36993,Avidosa Vaisakhi,mitcha,872010193811,Yes
98000116,Mohit Kulkarni,Male,"1C- 102, NIT, Faridabad, Haryana",Faridabad,Haryana,1999-11-17,Mohit.Kulkarni957@gmail.com,7310450291,NYOIQ2076N,Single,48564,ravi parkash solanki,meema,699434308104,Yes
98000142,Manoranjan Das,Male,"202, Bestech Chambers, B Block, Sushant Lok-1, Gurgaon",Gurugram,Haryana,1992-02-04,Manoranjan.Das1124@gmail.com,8052906620,WKVBE9205D,Single,1889,swami nathan,ajmee,599136531759,Yes
98000112,Manjeet Kaur,Female,"19th Floor, Tower, DLF Cyber Terraces DLF Cyber City, Phase-3, Gurgaon-122002",Gurugram,Faridabad,1994-11-23,Manjeet.Kaur512@gmail.com,8951573231,HFZMN1928R,Single,99970,rahul sharma,ajmee,672344860805,Yes
98000040,Neha Walia,Female,121 First Floor | Suncity Arcade | Suncity Sec 54 | Gurgaon 122002 |Haryana,Gurugram,Haryana,1995-10-13,Neha.Walia938@gmail.com,9350207267,RYNTO1470H,Divorced,47103,Suchitra Chudasama,sadban,,No
98000022,Rohtash Brangla,Male,"111,South City Arcade, South City-1, Gurgaon-122001",Gurugram,Haryana,1995-08-29,Rohtash.Brangla1046@gmail.com,9027188379,TEJSD9324U,Single,46134,Seemanta Manjari,pbaua,,No
98000113,Meenakshi,Female,"19th Floor, Tower A, Building No. 5 | DLF Cyber Terraces, DLF Cyber City | Phase 3 | Gurgaon 122002, Haryana, India",Gurugram,Faridabad,1990-10-30,Meenakshi.1585@gmail.com,8017008652,VPUXI3784Z,Married,68711,neeraj kishore,ajmee,547827642690,Yes
98000057,Rameshwar Lal,Male,"298,LGF, Near Rose Appartments, Sector 28, Gurgaon",Gurugram,Haryana,1995-12-18,Rameshwar.Lal807@gmail.com,9464396196,LITSJ9586X,Married,35750,Ibrahim Davuluri,sansoi,763822424506,Yes
98000096,Virender Sharma,Male,"175 Saharanpur Road, Patel Nagar Near Bank Of Baroda , Dehradun",Dehradun,Uttarakhand,1999-07-08,Virender.Sharma940@gmail.com,9464426092,OPFLD2950E,Married,30986,pooran chand sharma,subje,609101448507,Yes
98000117,Manish Sundriyal,Male,"1st floor, Above Uphar Kendra, Bajaja Line, Ramnagar, Dist. Nainital",Nainital,Uttarakhand,1992-09-21,Manish.Sundriyal1856@gmail.com,7358945935,FZDRM7840B,Married,77519,rohit kumar tiwari,mitcha,,No
98000056,Mahesh,Male,"13, Civic Centre Bhilai Chhattisgarh India",Bhilai,Chhattisgarh,1992-02-21,Mahesh.1796@gmail.com,8625477718,LJYNU3690G,Married,14288,Gangadhar Parnad Shruti,sansoi,856936374721,Yes
98000058,Rajan Makhija,Male,"13-14 C Public Park,Gole Bazar,Sriganganagar,Rajasthan",Sriganganagar,Rajasthan,1988-12-22,Rajan.Makhija477@gmail.com,8893974088,AQRDT6945Q,Divorced,71184,Titir Sethi,meema,612633964048,Yes
98000035,Sonia Thakur,Female,"11D / 1  Bank Road, Katra,Allahabad (U.P.) - 211002",Allahabad,Uttar Pradesh,1998-02-17,Sonia.Thakur971@gmail.com,9270744785,DCBJN1693K,Divorced,41964,Musheer Subbarayudu,ravgh,749462920861,Yes
98000036,Ashish,Male,"11D/1, Bank Orad, Katra, Allahabad-211002",Allahabad,Uttar Pradesh,1995-01-26,Ashish.845@gmail.com,7374558073,UFBHL7632W,Married,11431,Jasraj Somatra,jyadva,,No
98000076,Pradeep Saxena,Male,"15/3, shiv shaktu nagar, airforce station, jodhpur",Jodhpur,Rajasthan,1993-12-30,Pradeep.Saxena1562@gmail.com,7666291033,GNYDS3187R,Single,59311,Kalyanavata Veerender,meema,,No
98000005,Ketan Sanghavi,Male,"105/106 & 201/202, Gala Business Centre-1 Off. C.G. Road, Ahmedabad-380009",Ahmedabad,Gujarat,1993-08-11,Ketan.Sanghavi1487@gmail.com,7892749462,JZRPL6092C,Single,2696,Sunanda Vajpayee,namad,850435673098,Yes
98000098,Ranjeet Barnwal,Male,"176, First Floor, Chinu Bhai Tower, Near H.K. College, Ashram Road, Ahmedabad",Ahmedabad,Gujarat,1989-11-10,Ranjeet.Barnwal729@gmail.com,7417436123,YZABL6528Q,Single,77986,sanjay charee,arjga,,No
98000009,Babli Bhatia,Female,"106, Pinnacle Business Park, Corporate Road Prahladnagar, Ahmedabad-380015",Ahmedabad,Gujarat,1988-08-31,Babli.Bhatia685@gmail.com,7791319509,JQYIZ7428M,Married,12936,Archan Murugan,eemja,609812618156,Yes
98000015,Anuj Kumar,Male,"11, Parekhvas, B/h. Ambaji Mata Temple, Vejalpur Village, Ahmedabad-380051",Ahmedabad,Gujarat,1998-12-31,Anuj.Kumar1387@gmail.com,8884974632,UVYOA7629I,Divorced,69443,Manda Virani,meema,949677747969,Yes
98000137,Tanwir,Male,"201-202, 2nd Floor, Abhijeet-4 Navrangpura, Ahmedabad-380006",Ahmedabad,Gujarat,1990-10-11,Tanwir.1405@gmail.com,9694174107,TUKGQ9607O,Married,14945,viney parkash,subje,625638280763,Yes
98000000,Shruti Sharma,Female,"104, IsconAvenue, Opp. Choice Restaurant Nr. Swastik Char Rasta, C.G. Road, Ahmedabad-380009",Ahmedabad,Gujarat,1994-01-10,Shruti.Sharma1219@gmail.com,9290926510,YHNEP2134P,Single,39638,Mudita Manikkalingam,arjga,812175436920,Yes
98000125,Sandeep Jain,Male,"2, Danbro House, F-22, Sector 18 Noida",Noida,Uttar Pradesh,1988-05-26,Sandeep.Jain757@gmail.com,7733470130,MJPDH8542Y,Married,79622,masoom,subje,978077320389,Yes
98000031,Sumit,Male,"116, Ansal Fortune arcade, Sector 18, Noida",Noida,Uttar Pradesh,1998-12-28,Sumit.68@gmail.com,9593755408,VAXFL3842R,Married,71482,Shaheen Venkatadri,pbaua,,No
98000025,Rajesh Jain,Male,"112, Chokhani Square, Plot No 4, Sector 18 Noida",Noida,Uttar Pradesh,1989-09-19,Rajesh.Jain823@gmail.com,7448493120,EWNHY1908Y,Divorced,90104,Shravasti Toodi,urling,900052599142,Yes
98000090,Avdesh Sharma,Male,"167-168, Laxman Colony, Laxman Path, Shyam Nagar, Jaipur",Jaipur,Rajasthan,1998-12-23,Avdesh.Sharma564@gmail.com,8507471646,XFHVS3964A,Married,56672,supriyal sen,urling,563230513162,Yes
98000028,Anthony Fernandiz,Male,"113-114, sun and moo, belvedara parkswage farm, new sanganer road, ram nagarb extension, sodala, jaipur",Jaipur,Rajasthan,1996-06-24,Anthony.Fernandiz690@gmail.com,9172659646,BXVTK6291M,Married,59130,Kesari Upala Balakrishnan,pbaua,985207582803,Yes
98000114,Jagdeep Patel,Male,"1-A, Fateh Nagar, Surya Nagar, Tonk Road, Jaipur - 302015",Jaipur,Rajasthan,1989-04-21,Jagdeep.Patel368@gmail.com,7924131705,HPOGB2901H,Divorced,54056,ishwar,sansoi,,No
98000054,Nishant Shaleen,Male,"13 A, Jopling Road, Nanpara House, Lucknow-226001",Lucknow,Uttar Pradesh,1993-08-04,Nishant.Shaleen1135@gmail.com,8139961331,RUGOF4795O,Married,62152,Shrilata Ghoshdashtidar,ravgh,820235163301,Yes
98000121,Harsh Wardhan,Male,"1ST FLOOR, NANKANA SAHIB COMPLEX, NEW JAWAHAR NAGAR, OPP. BUS STAND, LUDHIANA - 141002",Ludhiana,Punjab,1994-09-13,Harsh.Wardhan482@gmail.com,7767841485,TQSUB3587T,Married,70394,vijay,subje,,No
98000100,Nasim Khan,Male,"18 - AX, MODEL TOWN EXT. NEAR GURUDWARA, LUDHIANA",Ludhiana,Punjab,1992-01-08,Nasim.Khan666@gmail.com,8462661637,PNJZA3081E,Divorced,84007,vinay kumar upadhayay,rajshi,,No
98000119,Anil Sharma,Male,"1ST FLOOR, HOTEL MANZIL, NEAR BUS STAND, LUDHIANA - 141002",Ludhiana,Punjab,1998-04-17,Anil.Sharma452@gmail.com,7289324331,QYABE7983N,Married,66520,manjeet kumar,mitcha,,No
98000018,Debashis Dey,Male,"1100 - 1101, SECTOR - 22B, CHANDIGARH - 160022",Chandigarh,Punjab,1988-10-18,Debashis.Dey300@gmail.com,8133662626,RSYNQ6420U,Married,55215,Anjali Mackherdhuj,rajshi,610932402992,Yes
98000002,Kanishk Sethi,Male,"104,Time Square Complex, Nr Kailash Resturant,Nanpura Surat,Gujrat.",Surat,Gujarat,1995-02-13,Kanishk.Sethi216@gmail.com,9051607476,PMSWC2456S,Single,60938,Purnendu Pavan,namad,706922674736,Yes
98000124,Kuntal Dey,Male,"1st FLOOR,BHAN COMPLEX, OPP.HATHI GATE, COURT ROAD, SAHARANPUR-247001",Saharanpur,Uttar Pradesh,1992-03-25,Kuntal.Dey970@gmail.com,8623407677,SYNBR5216Q,Married,25372,deepak rathore,ajmee,,No
98000001,Satbir Singh,Male,"104, LAWRENCE ROAD, 1ST FLOOR, OPP. NEHRU SHOPPING COMPLEX, AMRITSAR - 143001",Amritsar,Punjab,1999-09-20,Satbir.Singh898@gmail.com,8097264379,SCAIM4935O,Married,68070,Manmohan Rengarajan,eemja,566258149495,Yes
98000120,Ajay Kumar,Male,"1ST FLOOR, NANAK BUILDING, OPP. NEHRU SHOPPING COMPLEX, LAWRENCE ROAD, AMRITSAR - 143001",Amritsar,Punjab,1996-08-12,Ajay.Kumar312@gmail.com,7075209588,TGHQW5362E,Divorced,791,vimal kumar,eemja,,No
98000075,Aman Tyagi,Male,"15/148, sec-15, vasundhra, Ghaziabad",Ghaziabad,Uttar Pradesh,1993-07-09,Aman.Tyagi1579@gmail.com,8325165012,QXSHO6958E,Single,95276,Jitendra Choudhary,eemja,953797414521,Yes
98000146,Alok Lepcha,Male,"203, Corporate Avenue | Sonawala Road I Near Udyog Bhawan , Goregaon - East | Mumbai | India - 400063",Mumbai,Maharashtra,1989-08-10,Alok.Lepcha775@gmail.com,7907761476,LOXJC4325G,Single,46046,deepak,mitcha,622039720484,Yes
98000078,Jasmeet S Anand,Male,"153, Ground Floor Orchard Road Mall, Royal Palms, Aarey Milk Colony, Goregaon East, Mumbai - 400 065, India.",Mumbai,Maharashtra,1992-07-20,Jasmeet.S1273@gmail.com,7154230871,NJATI2748Y,Single,61198,Vijai Sritharan,mitcha,,No
98000014,Ashish Gaur,Male,"10th Floor ,1001/2/3 , Hallmark Business Plaza , Gurunanak BARC Hospital Rd, Bandra East , Mumbai , 400051",Mumbai,Maharashtra,1994-02-18,Ashish.Gaur687@gmail.com,8733331463,CJWEG2031L,Single,49553,Maithili Nira,jyadva,,No
98000074,Anamika Priya,Female,"15,GuruMandal Ashram , Devpura  Haridwar ||Uttarakhand -249401|| INDIA",Haridwar,Uttarakhand,1995-02-07,Anamika.Priya1736@gmail.com,9694718734,CQVHS9072F,Married,87586,Jayadev Mitali,namad,,No
98000047,Neha Saha,Female,"124H, Thendral Complex, 3rd Floor, D.B. Road, Coaimbatore",Coimbatore,Tamil Nadu,1989-10-13,Neha.Saha923@gmail.com,7376912320,UPTJW7269D,Married,68790,Tapasi Sadalge,arjga,866814380937,Yes
98000038,Rohit Ahuja,Male,"1201, 12th floor, new delhi house, 27, barakhamba road, new delhi",New Delhi,New Delhi,1992-01-06,Rohit.Ahuja1499@gmail.com,7714739066,PHVNB7293X,Married,5548,Dheemant Maiti,meema,,No
98000104,Selestina Emmanuel,Female,"180, 1st floor, vardhman crown mall, sector 19, dwarka",New Delhi,New Delhi,1993-06-29,Selestina.Emmanuel1594@gmail.com,8070780948,BTSXL3942J,Divorced,39469,abhishek yadav,ajmee,,No
98000091,Rajat Sawhney,Male,"168, 1st floor, vardhman crown mall, sector 19, dwarka",New Delhi,New Delhi,1994-12-14,Rajat.Sawhney1754@gmail.com,8599675384,LBVEN8035Y,Single,68776,gajender singh @ goldy,urling,919435925166,Yes
98000043,Anju Garg,Female,"123, 1st Floor, Ring Road Mall, Near Deepali Chowk, Sec-3, Rohini",New Delhi,New Delhi,1990-05-10,Anju.Garg1302@gmail.com,9018884874,VWOYA8315G,Single,94467,Yamuna Muthukrishnan,sadban,,No
98000127,Deepak Sethi,Male,"2, Sai Ashirwad, Sectore-15, Near Rly Station, Nerul (E) , Navi Mumbai- 400 706",New Delhi,New Delhi,1989-07-13,Deepak.Sethi263@gmail.com,9115648458,NDGCS2690B,Single,99557,ajay @ ajju,mitcha,,No
98000052,Prateek Gupta,Male,"12A, 12th Floor, Gopala Towers, Rajendra Place, New Delhi",New Delhi,New Delhi,1996-09-11,Prateek.Gupta1259@gmail.com,9497831350,IFGAP3941Q,Divorced,88804,Sadaf Vattikota,rajshi,,No
98000051,Ashok Kumar,Male,"129, 2nd floor, shankar market, new rajinder nagar",New Delhi,New Delhi,1989-02-22,Ashok.Kumar1184@gmail.com,7898925601,HUDQS2716O,Single,46665,Nivritti Joshipura,sansoi,709355789945,Yes
98000122,Charu Kumar,Female,"1st Floor, Plot No. 56, Rama Road Industrial Area",New Delhi,New Delhi,1994-11-11,Charu.Kumar887@gmail.com,8849818945,PMCYE7904A,Married,75864,abbas mehndi,subje,530753005802,Yes
98000086,Deep Kaur,Female,"161, 1st Floor, Capital Plaza,Inder Enclave,Paschim Vihar, New Delhi 110085",New Delhi,New Delhi,1988-11-02,Deep.Kaur1695@gmail.com,8912547509,VEZNC4570K,Divorced,11802,yash mittal,ajmee,,No
98000046,Ashish,Male,"124, Vardhman royal Plaza, Gujranwala Town, Part-2, Delhi",New Delhi,New Delhi,1996-02-28,Ashish.586@gmail.com,7508966195,CPLIJ1352X,Single,46076,Gangika Mageshkumar,mitcha,752922559440,Yes
98000063,Deepika Luthra,Female,"13-D, Gopala Towers, Rajendra Place, New Delhi",New Delhi,New Delhi,1991-01-29,Deepika.Luthra1576@gmail.com,7498107802,YKHGS5713T,Single,79217,Aprativirya Seshan,mitcha,,No
98000081,Kashish,Male,"15A/36 (206-207), 2nd Floor, Saraswati Marg, Opp China Town Hotel, Karol Bagh, New Delhi",New Delhi,New Delhi,1992-12-09,Kashish.181@gmail.com,9339864743,FAYKL3986B,Single,51337,devinder chadda,jyadva,,No
98000042,Shailendra M. Mishra,Male,"121, BD Chamber, 10/54, D.B Gupta Road, Karol Bagh",New Delhi,New Delhi,1997-06-20,Shailendra.M.1037@gmail.com,7147515349,OJCIR3657Q,Single,80837,Sonakshi Dua,urling,651926995670,Yes
98000136,Deepak Modgill,Male,"201, Local Shopping Complex, Derawal Nagar, New Delhi",New Delhi,New Delhi,1996-08-21,Deepak.Modgill1059@gmail.com,8332856422,DARZC4861Y,Single,82421,ravindra kumar,vinit,,No
98000084,Sapna Prakash,Female,"15a/8, w.e.a, karol bagh, near puja park, new delhi",New Delhi,New Delhi,1988-11-28,Sapna.Prakash1406@gmail.com,7595079975,UGVNH2709R,Married,82184,hemant,sadban,508642736000,Yes
98000029,Kanika Jatwani,Female,"113-118, PP Tower, 1st Floor, Netaji Subhash Place, Pitampura",New Delhi,New Delhi,1989-02-27,Kanika.Jatwani1035@gmail.com,7851637849,NAXRB1893Y,Single,43488,Parvati Mandakranta Vidyasagar,mitcha,951031438975,Yes
98000133,Ashish Wadhera,Male,"20, rectangle 1, d-4, district center, saket, new delhi",New Delhi,New Delhi,1994-03-25,Ashish.Wadhera1209@gmail.com,7575831472,SMQRH7823Q,Divorced,5832,armaan @ suvalin,eemja,665220680820,Yes
98000092,Pankaj Gaur,Male,"17, 1st floor, opp city hospital, karol bagh",New Delhi,New Delhi,1993-04-09,Pankaj.Gaur822@gmail.com,8024346218,ILEOQ3601E,Divorced,52897,pooran chand sharma,arjga,,No
98000070,Anupreet Kaur,Female,"14F, DDA MARKET, ASHOK VIHAR PH - 1, DELHI - 110052",New Delhi,New Delhi,1988-07-20,Anupreet.Kaur392@gmail.com,8084011797,DAOYC8296Z,Single,48471,Dharmadhrt Ramila,eemja,524684610428,Yes
98000033,Rohan Gulati,Male,"118, Indraprakash Building, 21 Barakhamba Road, Connaught Place, New Delhi",New Delhi,New Delhi,1998-09-15,Rohan.Gulati545@gmail.com,7658556551,OUHWF5371W,Married,41278,Ramesh Nishar,urling,581302964164,Yes
98000107,Preet,Female,"1897, 2nd Floor Uday Chand Marg,Near 'D' Block, South Extension Part-I,",New Delhi,New Delhi,1993-02-25,Preet.375@gmail.com,7680137125,QDKVT6381G,Single,60281,ram niwas,arjga,962235055194,Yes
98000055,Renuka,Female,"13 Floor, Indraprakash Building, 21 Barakhamba Road, New Delhi",New Delhi,New Delhi,1996-05-28,Renuka.713@gmail.com,7647924650,RKHPM1024B,Single,44579,Kaustav Sulalit Neel,vinit,,No
98000093,Manoj,Male,"17, 1st Floor, Opp, City Hospital,Karol Bagh, New Delhi",New Delhi,New Delhi,1992-05-07,Manoj.890@gmail.com,8882194858,NMPRO6932K,Married,9467,irfan,ravgh,,No
98000012,Parmesh,Male,"108, Pragati Tower 26, Rajendra Place, New Delhi",New Delhi,New Delhi,1991-10-09,Parmesh.1044@gmail.com,8847484707,HPNWM3462N,Divorced,63041,Inayat Ramamuthe,rajshi,954097160612,Yes
98000023,Priyanka Kumar,Female,"1117 Devika Towers, Nehru Place, Delhi",New Delhi,New Delhi,1992-12-24,Priyanka.Kumar295@gmail.com,7792737773,YVTMG1980A,Single,87892,Pranay Tumkur,vinit,,No
98000095,Anjali Choudhary,Female,"17, Kapil Vihar, Opp Metro Pillar No 351, , Main Road, Pitampura",New Delhi,New Delhi,1993-03-09,Anjali.Choudhary1438@gmail.com,8165041079,TMRDF7683U,Married,80235,mukul yadav,sansoi,880368436206,Yes
98000108,Georgina Eric,Female,"19 -B, BASANT LOK COMMUNITY CENTRE, VASANT VIHAR, NEW DELHI - 110057",New Delhi,New Delhi,1994-01-11,Georgina.Eric385@gmail.com,7756122122,VXWHU2569X,Married,39293,rajkumar saini s/o madan lal saini,sadban,,No
98000064,Raghav Bhalla,Male,"14, Mohan Singh Place, Connaught Place, New Delhi.",New Delhi,New Delhi,1989-06-30,Raghav.Bhalla1832@gmail.com,8760572083,LZJTG4281J,Divorced,76227,Asvathama Ponnada,ravgh,965639684991,Yes
98000059,Neelam,Female,"135, Somdutt Chambers 1, 5 Bhikaji Cama Place, New Delhi",New Delhi,New Delhi,1999-03-23,Neelam.458@gmail.com,7823153250,VBHNY5163L,Divorced,71222,Harmendra Macwan,urling,822703742169,Yes
98000134,Akhilesh Kala,Male,"200/202, Rajlaxmi Bhavan, Perin Nariman Street, Bazaar ,Gate, Fort, Mumbai - 400001.",New Delhi,New Delhi,1995-06-26,Akhilesh.Kala105@gmail.com,8486091446,YIUQG1749V,Married,17751,kunal kishore,vinit,785440329767,Yes
98000144,Ajay Dhar,Male,"203 Skytech Magadh, Sector-3,VAISHALI, Delhi/NCR, INDIA",New Delhi,New Delhi,1988-01-08,Ajay.Dhar1535@gmail.com,8867266573,EJBTS8621Q,Divorced,97597,krishana,sansoi,,No
98000006,Narendra Gurjar,Male,"105/12, Amrit Puri B, East of Kailash, Opp Iskon Temple",New Delhi,New Delhi,1999-06-02,Narendra.Gurjar1900@gmail.com,8527145694,PIMHD4195B,Married,18225,Rampratap Ghosal,rajshi,,No
98000082,Jinesh Jain,Male,"15A/38, WEA, Karol Bagh, New delhi",New Delhi,New Delhi,1991-03-08,Jinesh.Jain1681@gmail.com,7888803517,QDCAJ4785I,Married,19665,aman,sadban,888481805255,Yes
98000013,Rajat,Male,"108-109, A.J. Chambers, Naiwala, Karol Bagh",New Delhi,New Delhi,1997-09-22,Rajat.1284@gmail.com,7399030948,TNKBO7106X,Divorced,43453,Vijaya Sandipan,jyadva,,No
98000101,Kritika Mehta,Female,"18, Community Centre, Kailash Colony Extension, Zamrudpur, New dElhi",New Delhi,New Delhi,1995-09-22,Kritika.Mehta601@gmail.com,7761161324,ZUNTR8919B,Single,86914,shekher,ajmee,,No
98000139,Harsh Vajpai,Male,"202 - 203, IIND FLOOR VARDHMAN DEE CEE PLAZA, PLOT NO.6(NEAR BY AKASH INSTITUTE) SECTOR -11 MKT. DWARKA, NEW DELHI - 110075",New Delhi,New Delhi,1999-04-02,Harsh.Vajpai1028@gmail.com,9754441063,QAELB6725V,Married,46467,prem pal,sansoi,782389408884,Yes
98000079,Reena Josephine,Female,"1557 Laxmi Bai Nagar, New Delhi 110023",New Delhi,New Delhi,1998-12-14,Reena.Josephine1781@gmail.com,8139299904,XREZU9213K,Divorced,4812,badshya khan,jyadva,538864026120,Yes
98000021,Gagandeep Singh,Male,"111, RG Complex 2 Prashant Vihar, Rohini- Sector -14, New Delhi",New Delhi,New Delhi,1995-12-06,Gagandeep.Singh433@gmail.com,8980833090,MSONF3704J,Single,31862,Abhichandra Tina,eemja,,No
98000138,Kanishk Karn,Male,"201-202, PP Trade Center, Netaji Subhash Place, Pitampura",New Delhi,New Delhi,1991-08-16,Kanishk.Karn1438@gmail.com,9796890263,JKRVO3820P,Married,14705,ram parkash teneja,ajmee,,No
98000003,Swati Shukla,Female,"105, Plot 17, Vardhman Plaza, Rani Bagh, Pitampura, New Delhi",New Delhi,New Delhi,1989-10-05,Swati.Shukla12@gmail.com,8187690369,KPVND5312U,Married,42018,Aahlaad Naimesh,jyadva,,No
98000041,Amaresh Pathak,Male,"121, 1st Floor, Living Style Mall, Main Kalandi Kunj Road",New Delhi,New Delhi,1988-05-27,Amaresh.Pathak1542@gmail.com,7743852240,AROHF7083R,Divorced,73067,Dhatri Esha Chawd,urling,655322028163,Yes
98000045,Shweta Mittal,Female,"124, VARDHMAN ROYAL PLAZA, GUJRANWALA TOWN, PART - I, DELHI 110009",New Delhi,New Delhi,1996-03-08,Shweta.Mittal106@gmail.com,8459137034,HMGND1463M,Married,63635,Nidra Emankumar,namad,,No
98000105,Charanjeet Kaur,Female,"187, Vardhman Crown Mall, Dwarka Sector – 19, New Delhi - 110075",New Delhi,New Delhi,1989-12-25,Charanjeet.Kaur918@gmail.com,8543771194,BACPY4958H,Married,2673,manish khandelwal,sansoi,919166321310,Yes
98000131, Vikrant Verma,Male,"20 -C DDA Market, Rajdhani Enclave, New Delhi - 110034",New Delhi,New Delhi,1999-10-11, Vikrant.Verma219@gmail.com,9335300625,PMCZE9437R,Single,78094,ankit,vinit,,No
98000049,Chetan Mansharamani,Male,"127, Ansal Chambers 2, 6 Bhikaji Cama Place, New Delhi",New Delhi,New Delhi,1989-02-24,Chetan.Mansharamani582@gmail.com,7927715624,JHQRB3567M,Married,60999,arvatinandan Sukanya,pbaua,,No
98000147,Anu Zutshi,Female,"203, IInd Floor, Rishabh Corporate Tower, Plot No.16 Karkardooma Community Centre, Opp: Hargobind Enclave Delhi -India, Near: Karkardooma Metro Station",New Delhi,New Delhi,1989-11-21,Anu.Zutshi20@gmail.com,9671859667,AMXDN7120H,Divorced,26250,ajay kumar,subje,,No
98000060,Uday Vir Singh,Male,"138 A, 1st Floor, Antriksh Bhawan, 22 Kasturbha Gandhi Marg, Connaught Place, New Delhi",New Delhi,New Delhi,1998-03-27,Uday.Vir896@gmail.com,8543780984,ZAPNF9670C,Married,38962,Advitiya Sujeet,meema,,No
98000067,Charanpreet Chawla,Male,"142/13, Sector 24, Rohini, Delhi 85",New Delhi,New Delhi,1988-10-31,Charanpreet.Chawla257@gmail.com,7554182806,HRNMA3547N,Divorced,73378,Barsati Sandipa,jyadva,971565531678,Yes
98000004,Haresh Ahir,Male,"105, Vardhman Arihant Chamber, Plot No 6, KP Block, Community Center, Pitampura",New Delhi,New Delhi,1994-06-13,Haresh.Ahir144@gmail.com,9039723404,ISACP7025R,Married,61200,Vipin Lankesh Vijayashree,eemja,,No
98000141,Rashmi Rauthan,Female,"202, 2nd floor, Nirmal Tower, 26 Barakhamba Road, Connaught Place, New Delhi",New Delhi,New Delhi,1989-02-10,Rashmi.Rauthan638@gmail.com,9949604177,TLNKX7450Z,Single,78198,sunil,subje,,No
98000149,Uzair Khan,Male,"203, New Delhi House, 27 Barakhamba Road, New Delhi - 110001",New Delhi,New Delhi,1988-10-19,Uzair.Khan940@gmail.com,7909974998,LXTUA5084R,Single,74011,piyush,subje,948493134638,Yes
98000080,Ashish Raj,Male,"15A/36 (206-207) 2nd floor, saraswati marg, karol bagh.",New Delhi,New Delhi,1993-01-21,Ashish.Raj598@gmail.com,9692837647,AEJGV9850E,Married,20321,vikash,jyadva,,No
98000132,Jitender Chauhan ,Male,"20, AD Market, LSC, Shalimar Bagh, New Delhi",New Delhi,New Delhi,1990-02-14,Jitender.Chauhan 314@gmail.com,8438862326,XLPFW7340T,Married,52082,sarthak dadwal,namad,555771796602,Yes
98000020,Pankaj Gupta,Male,"111, 1st Floor, Aashirwad Commercial Complex, Green Park, New Delhi – 110016",New Delhi,New Delhi,1989-09-05,Pankaj.Gupta557@gmail.com,9442073196,INMZD6309H,Divorced,47829,Sudhindra Marita,eemja,791110293708,Yes
98000062,Deepak Singh,Male,"13-B, 3rd Floor, Netaji Subhash Marg, Daryaganj, New Delhi",New Delhi,New Delhi,1988-06-06,Deepak.Singh1475@gmail.com,9828863636,VYUMP9250H,Divorced,42525,Amrish Ilyas,rajshi,962085354339,Yes
98000008,Tanvi,Female,"106, Mehar Chand Market, Lodhi Colony, New delhi",New Delhi,New Delhi,1996-02-29,Tanvi.1350@gmail.com,7456781898,SRFLO6871R,Single,27277,Ramashray Suryanarayana,pbaua,762592514542,Yes
98000053,Reshma Shahani,Female,"12A/26, WEA, Saraswati Marg, Karol Bagh, New delhi",New Delhi,New Delhi,1989-12-22,Reshma.Shahani135@gmail.com,9393984889,DYTBM6351B,Married,27206,Seemanti Nagaraja,eemja,647229582560,Yes
98000068,Sunil Kumar,Male,"14A/25, WEA, Channa Market, Saraswati Marg, Karol Bagh, New Delhi",New Delhi,New Delhi,1989-05-24,Sunil.Kumar402@gmail.com,9099742462,WDJSH7913Y,Married,50299,Debasis Sundhararajan,jyadva,733132148775,Yes
98000069,Sudesh Bhardwaj,Male,"14-B, 2nd floor, niho mall near DPS, ahinsa khand-2, indirapuram",New Delhi,New Delhi,1989-10-11,Sudesh.Bhardwaj666@gmail.com,8187789717,NCKVH4351F,Married,5279,Devasru Subramanyan,vinit,656389843297,Yes
98000103,Girendra Kumar,Male,"18/2, arya Samaj Road, Karol Bagh",New Delhi,New Delhi,1993-11-24,Girendra.Kumar389@gmail.com,8811461256,FILQX1798U,Single,62699,abhishek yadav,rajshi,549851451061,Yes
98000097,Amresh Pathak,Male,"175, 1st Floor, Vardhman Crown Mall, Sector-19, Dwarka",New Delhi,New Delhi,1990-05-31,Amresh.Pathak1424@gmail.com,9894780899,YSQMH6542D,Married,53264,manoj,vinit,694860765905,Yes
98000089,Nisha/ Soniya,Female,"167-168, 1st Floor, Vikas Surya Shopping Mall, Mangalam Palace, Sector 3, Rohini.",New Delhi,New Delhi,1990-11-19,Nisha/.Soniya157@gmail.com,8977220852,TOHIK4230Y,Single,36753,sumit mitra,urling,680586860315,Yes
98000128,B K Bharti,Male,"2/15, second floor, west patel nagar, New Delhi",New Delhi,New Delhi,1992-03-04,B.K1821@gmail.com,7626448978,FQPKE1230I,Married,39029,abhishek,mitcha,,No
98000007,Abhishek Shukla,Male,"106, 1st floor, anand chambers, 25/34, east patel nagar, new delhi",New Delhi,New Delhi,1992-01-07,Abhishek.Shukla293@gmail.com,7760339875,QEGSH8052G,Divorced,79653,Tanmay Shujauddin,pbaua,871969363699,Yes
98000129,Akshay Jain,Male,"2/5, Ansari Road, Daryanj, New dElhi-02",New Delhi,New Delhi,1990-01-29,Akshay.Jain1783@gmail.com,8429823841,NQKDM3692W,Married,82995,toquir ali,ajmee,,No
98000065,Chandi Prasad Bhatt,Female,"14, Tribhuvan Complex, Ishwar Nagar, Mathura Road, New Delhi",New Delhi,New Delhi,1998-05-22,Chandi.Prasad669@gmail.com,7399667787,QHIVE7568G,Divorced,36982,Avantas Ghosal,rajshi,,No
98000048,Bishwas Joshi,Male,"126, LGF, World Trade Center, Barakhamba Lane, Connaught Place, New Delhi",New Delhi,New Delhi,1999-09-16,Bishwas.Joshi691@gmail.com,9921089025,VRMHA6129C,Single,13707,Ojal Pedapudi,pbaua,765555992967,Yes
98000026,Nitin Jain,Male,"112, L.S.C , DURGA PLACE, D.D.A MARKET POCKET B ASHOK VIHAR PHASE - 3, DELHI - 92",New Delhi,New Delhi,1991-03-21,Nitin.Jain1125@gmail.com,7280107649,CDWRU1475X,Single,76346,Jeevika Pritha,sadban,,No
98000017,Deepika,Female,"110, Kamal Plaza 2265, Gurudwara Road, Karol Bagh",New Delhi,New Delhi,1989-02-20,Deepika.13@gmail.com,8711705402,QILHF4374Q,Divorced,63156,Nandita Madhabi,mitcha,799836767215,Yes
98000037,Harsh Wardhan,Male,"1201, 12 floor, New Delhi House, 27 Barakhamba Road, New Delhi",New Delhi,New Delhi,1991-06-04,Harsh.Wardhan1675@gmail.com,7343228152,YKPJF3908L,Married,82401,Kusumakar Vellore,jyadva,528639849865,Yes
98000050,Surbhi Arora,Female,"127, Rajendra Bhawan, Rajendra Place, New Delhi/ near ananta",New Delhi,New Delhi,1996-09-20,Surbhi.Arora1858@gmail.com,8921164808,XNVMQ8649M,Single,54806,Vipula Duranjaya,pbaua,679410771525,Yes
98000072,Rohit Sharma,Male,"15, Mohan Singh Place, Connaught Place, New Delhi",New Delhi,New Delhi,1997-05-06,Rohit.Sharma1659@gmail.com,8599756093,DVBSO1082U,Single,54266,Gopa Trilochana,namad,924183554550,Yes
98000094,Raghu,Male,"17, DDA, Mini Market, E Block, East Of Kailash, New Delhi",New Delhi,New Delhi,1996-02-13,Raghu.1801@gmail.com,9339003175,MBEID9463B,Single,8706,azaruddin,sansoi,633549040609,Yes
98000019,Dheeraj Sawhney,Male,"111, 1st Floor, Aashirwad Commercial Complex, Green Park, New Delhi",New Delhi,New Delhi,1993-11-19,Dheeraj.Sawhney317@gmail.com,8859580833,WURDL2187U,Single,70934,Bhakti Mamgain,meema,864055373887,Yes
98000032,Guneet Kaur,Female,"117-119, Jaina Tower-1, Distt Center, Janakpuri",New Delhi,New Delhi,1988-11-24,Guneet.Kaur41@gmail.com,7103353085,LBTME1324N,Single,16961,Tapas Thundyil,arjga,942389790087,Yes
98000106,Sweta Sinha,Female,"187, Vardhman Crown Plaza, Sector 19, Dwarka",New Delhi,New Delhi,1992-01-31,Sweta.Sinha89@gmail.com,7693935349,LEGWF7936M,Married,62474,bir singh,sansoi,754853660352,Yes
98000115,Ketan Bhagwani,Male,"1-B DDA Market DB Block Hari Nager,Opp I.T.I Institute,New Delhi-110064",New Delhi,New Delhi,1997-10-22,Ketan.Bhagwani1199@gmail.com,9579090544,RWSQF2375K,Single,88593,bilal,meema,,No
98000110,Aditya Oberoi,Male,"196/J, 2nd floor, East of Kailsah, New Delhi- 110049",New Delhi,New Delhi,1998-10-20,Aditya.Oberoi902@gmail.com,9081092832,FDQMH8692G,Single,18849,mohd sajim,mitcha,,No
98000085,Monica Arora,Female,"16 Vaishali Enclave, 4th Floor, Pitampura, Near Kohat Enclave Metro Station, New Delhi, ",New Delhi,New Delhi,1989-08-31,Monica.Arora876@gmail.com,9731764018,BSLMU3245H,Single,13539,shivam,ajmee,982471995309,Yes
98000011,Ajay Kumar ,Male,"108, 1st floor, plot no 10, sikka complex, preet vihar community center, vikas marg, near cbse building, new delhi",New Delhi,New Delhi,1991-10-02,Ajay.Kumar 1885@gmail.com,8564687334,AFCYT4631T,Single,85245,Neeharika Vikriti,meema,,No
98000126,Amit Kr. Srivastasva,Male,"2, Oberoi House, IInd Floor, Local Shopping Complex, Karampura, New Moti Nagar, New Delhi",New Delhi,New Delhi,1988-10-26,Amit.Kr.87@gmail.com,8322941157,AJOBN2314C,Married,75265,deepak kamat,subje,,No
98000102,Gagan Saluja,Male,"18, Hauz Khas Village,New Delhi - 110016",New Delhi,New Delhi,1994-07-26,Gagan.Saluja1331@gmail.com,8889796885,INPJZ2191G,Single,97104,vinod,ajmee,674977709097,Yes
98000044,Harjinder Singh,Male,"123, 1st floor, vardhman crown mall, sector 19, dwarka",New Delhi,New Delhi,1990-10-10,Harjinder.Singh557@gmail.com,7035845153,QACRO3021A,Single,95805,Renuka Srivastav,namad,,No
98000145,Arjun,Male,"203, Ansal Classique Tower, J Block Rajouri Garden, New Delhi",New Delhi,New Delhi,1993-02-02,Arjun.316@gmail.com,7849769233,QOEGA1468O,Divorced,89643,suraj kumar,rajshi,831437678606,Yes
98000111,Tushar Sharma,Male,"199, MAIN MRKT, CHIRAG DELHI, DELHI - 110017",New Delhi,New Delhi,1992-04-16,Tushar.Sharma1638@gmail.com,9557028974,RGMHF4235W,Single,51603,shankarlal s/o sukharam,sansoi,,No
98000088,Vishal Srivastava,Male,"167-168, 1st floor, vikas surya shopping mall, mangalam palace, sector 3, rohini",New Delhi,New Delhi,1994-03-07,Vishal.Srivastava773@gmail.com,8311918027,LQTYA1579B,Married,37932,chandesh,mitcha,,No
98000061,Pradeep Nair,Male,"139, Lower Ground Floor, Mohammadpur, Bikhaji Cama Place, New Delhi-110066",New Delhi,New Delhi,1995-02-03,Pradeep.Nair166@gmail.com,8943488214,MVOPX8201E,Single,83493,Alagesan Poduri,rajshi,,No
98000034,Mukesh ,Male,"119, New Delhi House, 27 Barakhamba Road, Connaught Place, New Delhi",New Delhi,New Delhi,1992-09-14,Mukesh .1748@gmail.com,7385600018,HQVKM4710X,Married,81785,Praful Chandrak Papa,arjga,523514689083,Yes
98000016,Lokesh Anand,Male,"110, 1st floor, Rectangle 1, Distt Centre, Saket, New Delhi",New Delhi,New Delhi,1993-08-25,Lokesh.Anand579@gmail.com,9261277479,FIABQ6428D,Divorced,86333,Jeeval Aruna Palam,mitcha,,No
98000010,Monika Kalia,Female,"107, AGGARWAL PLAZA 3, 1ST FLOOR, PLOT NO.11, SECTOR 10, DWARKA, NEW DELHI - 110075",New Delhi,New Delhi,1999-09-30,Monika.Kalia820@gmail.com,8088443016,WUXFV1428X,Married,11743,Maanika Keskar,namad,,No
98000118,Gopal Shekhawat,Male,"1st Floor, Bhanot House, 17 Community Center, Gulmohar Enclave Extn, New delhi",New Delhi,New Delhi,1997-01-28,Gopal.Shekhawat973@gmail.com,7495860292,IYUFX2604Q,Divorced,85776,pramod,sadban,643143898157,Yes
98000073,Shweta Kundra,Female,"15, Municipal Market, Plaza Outer Circle, Connaught Place",New Delhi,New Delhi,1999-09-24,Shweta.Kundra1745@gmail.com,7528797145,KWTBG1849L,Married,67649,Hardeep Suksma,ajmee,856305423767,Yes
98000099,Ritu,Female,"17A/46, WEA, Karol Bagh, New Delhi",New Delhi,New Delhi,1992-10-21,Ritu.1888@gmail.com,7006500816,VDGHZ2169I,Married,77134,raja babu,subje,983926137377,Yes
98000143,Abhishek Tiwari,Male,"203 F/1, Rajendra Avenue, Uttarpara Hooghly",New Delhi,New Delhi,1999-05-18,Abhishek.Tiwari1494@gmail.com,7121148690,LOVJC8921S,Single,46161,rakesh panday,arjga,591448597384,Yes
98000024,Raman Khurana,Male,"112 B, Aashirwad Complex, D-1 (K-84) Green Park, New delhi",New Delhi,New Delhi,1993-01-07,Raman.Khurana194@gmail.com,7903368023,VBHXO9403X,Single,50554,Hiranmay Dhruba,rajshi,,No
98000027,Pratham Tyagi,Male,"112, Mohan Singh Palace, Connaught Place, New Delhi",New Delhi,New Delhi,1990-07-09,Pratham.Tyagi1387@gmail.com,8025642488,LEAPK5283T,Married,72514,Samidha Ramasamy,namad,,No
98000083,Nidhi Sharma,Female,"15A/5, Office #3, WEA Karol Bagh, New Delhi",New Delhi,New Delhi,1996-01-05,Nidhi.Sharma1701@gmail.com,7414624405,CLSGV8546M,Divorced,31078,mohan singh,urling,,No
98000148,Shiv Gurjar,Male,"203, New Delhi House, 27 Barakhamba Road, New Delhi",New Delhi,New Delhi,1995-06-23,Shiv.Gurjar307@gmail.com,8578375215,ASIYD9017D,Married,86727,sonali,vinit,705060668859,Yes
98000123,Naveen Kumar,Male,"1st Floor, Somdutt Chambers-2, 9 Bhikaji Cama Place, New Delhi",New Delhi,New Delhi,1990-02-13,Naveen.Kumar1032@gmail.com,8709253230,HYFDX5260M,Single,36103,omprkash,sansoi,727872326069,Yes
98000030,Satish Kumar Gupta,Male,"114, Suneja Tower-1, Districtt Center, Janakpuri",New Delhi,New Delhi,1992-03-23,Satish.Kumar1896@gmail.com,9978350355,ZUGYO5784X,Single,99297,Punam Shingane,pbaua,,No
98000039,Rohini Narang,Female,"1205,, Kailash Building || K.G Marg Connaught Place || New Delhi – 110001",New Delhi,New Delhi,1992-05-19,Rohini.Narang1098@gmail.com,9635708557,DPTKQ5014G,Married,63589,Vivekananda Gahlot,eemja,,No
98000077,Manish Sharma,Male,"1514, CHIRANJIV TOWER, 43 NEHRU PLACE, NEW DELHI - 110019",New Delhi,New Delhi,1993-11-23,Manish.Sharma1853@gmail.com,9629140149,HVCSL8526S,Married,81233,Naveen Tikaram,meema,586676648945,Yes
98000130,Rajiv Jain,Male,"20 A, Pocket B, Hari Nagar, New Delhi",New Delhi,New Delhi,1990-07-12,Rajiv.Jain1444@gmail.com,7177343768,QMKPL2498D,Single,33693,shyam sundra,namad,847131657444,Yes
98000071,Vandana Yadav,Female,"15, Krishna Market, Rohinti Sector -7 Delhi ",New Delhi,New Delhi,1993-10-22,Vandana.Yadav1675@gmail.com,9509359137,BVMTE2567Y,Married,27466,Dhritiman Salim,sansoi,706067320680,Yes
98000135,Jitin Bajaj,Male,"201 N Block, BMC House, Middle Circle,Connaught Place",New Delhi,New Delhi,1995-12-01,Jitin.Bajaj1691@gmail.com,7562558394,SDTKJ8534K,Divorced,94185,nabav shekh,vinit,587575759465,Yes
98000140,Yogendra Verma,Male,"202 Nirmal Tower, barakhamba Road, New Delhi",New Delhi,New Delhi,1996-06-07,Yogendra.Verma1040@gmail.com,8694736533,NLWYT7205T,Single,93226,dhramender,subje,911118441818,Yes
